,oid,table_name,rowcounts,counts_all,count_m,0
0,23633,ods_ytb_v_8600000002011102507001622_da,248856.0,71,60,52998.0
1,23639,ods_ytb_v_8600000002011102507001623_da,29065.0,26,15,5813.0
2,23645,ods_ytb_v_8600000002011102507001624_da,156576.0,85,74,33768.0
3,23651,ods_ytb_v_8600000002011102607001625_da,580908.0,70,59,131147.0
4,23657,ods_ytb_v_8600000002011102607001626_da,152605.0,22,11,30521.0
5,23663,ods_ytb_v_8600000002011102607001627_da,624672.0,26,15,39042.0
6,23669,ods_ytb_v_8600000002011102707001628_da,22245.0,30,19,4449.0
7,23675,ods_ytb_v_8600000002011102707001629_da,19796.0,75,64,4437.0
8,23681,ods_ytb_v_8600000002011102707001630_da,107125.0,75,64,21425.0
9,23687,ods_ytb_v_8600000002011102707001631_da,2510.0,26,15,251.0
10,23693,ods_ytb_v_8600000002011102707001632_da,5166.0,26,15,369.0
11,23699,ods_ytb_v_8600000002011102707001633_da,107310.0,29,18,21462.0
12,23705,ods_ytb_v_8600000002011102707001634_da,57015.0,26,15,11403.0
13,23711,ods_ytb_v_8600000002011102707001635_da,286052.0,181,170,67417.0
14,23717,ods_ytb_v_8600000002011102807001636_da,323660.0,101,90,69395.0
15,23723,ods_ytb_v_8600000002011112407001730_da,176852.0,76,65,36277.0
16,23729,ods_ytb_v_8600000002011112407001731_da,248060.0,15,4,53055.0
17,23735,ods_ytb_v_8600000002011112407001732_da,321612.0,15,4,69395.0
18,23741,ods_ytb_v_8600000002012011607002372_da,176950.0,16,6,35390.0
19,23747,ods_ytb_v_8600000002012011607002382_da,248740.0,15,5,62185.0
20,23753,ods_ytb_v_8600000002012011607002387_da,168164.0,22,12,35385.0
21,23759,ods_ytb_v_8600000002012011607002392_da,234838.0,17,7,35385.0
22,23765,ods_ytb_v_8600000002012011607002402_da,176925.0,22,12,35385.0
23,23771,ods_ytb_v_8600000002012011607002409_da,310925.0,16,6,62185.0
24,23777,ods_ytb_v_8600000002012011607002414_da,176950.0,16,6,35390.0
25,23783,ods_ytb_v_8600000002012011607002421_da,151800.0,22,12,35390.0
26,23789,ods_ytb_v_8600000002012011607002425_da,176950.0,22,12,35390.0
27,23795,ods_ytb_v_8600000002012011607002431_da,393590.0,18,8,62185.0
28,23801,ods_ytb_v_8600000002012042407002687_da,96250.0,83,72,19250.0
29,23807,ods_ytb_v_8600000002012060807002918_da,0.0,45,34,
30,23813,ods_ytb_v_8600000002012102207000002_da,0.0,164,149,
31,23819,ods_ytb_v_8600000002012102307000003_da,549360.0,149,134,129148.0
32,23825,ods_ytb_v_8600000002012102307000004_da,138220.0,82,67,27644.0
33,23831,ods_ytb_v_8600000002012102307000005_da,2313.0,80,69,257.0
34,23837,ods_ytb_v_8600000002012102307000006_da,275948.0,76,65,62331.0
35,23843,ods_ytb_v_8600000002012102307000007_da,274028.0,73,62,64155.0
36,23849,ods_ytb_v_8600000002012102307000008_da,244458.0,22,11,37671.0
37,23855,ods_ytb_v_8600000002012102307000009_da,177300.0,71,60,37669.0
38,23861,ods_ytb_v_8600000002012102307000010_da,2290561.0,46,35,232760.0
39,23867,ods_ytb_v_8600000002012102307000011_da,64610.0,29,18,12922.0
40,23873,ods_ytb_v_8600000002012102407000012_da,1732884.0,39,28,402757.0
41,23879,ods_ytb_v_8600000002012102407000013_da,31195.0,22,11,6239.0
42,23885,ods_ytb_v_8600000002012102407000016_da,28630.0,78,67,5726.0
43,23891,ods_ytb_v_8600000002012102407000018_da,1660652.0,73,62,402363.0
44,23897,ods_ytb_v_8600000002012102407000019_da,392698.0,181,170,36505.0
45,23903,ods_ytb_v_8600000002012102407000020_da,116650.0,73,62,23330.0
46,23909,ods_ytb_v_8600000002012102507000021_da,14598.0,23,12,2433.0
47,23915,ods_ytb_v_8600000002012102507000022_da,1676456.0,432,421,402730.0
48,23921,ods_ytb_v_8600000002012102507000023_da,110712.0,59,48,23326.0
49,23927,ods_ytb_v_8600000002012102507000024_da,311196.0,70,59,73447.0
50,23933,ods_ytb_v_8600000002012102507000026_da,28630.0,82,71,5726.0
51,23939,ods_ytb_v_8600000002012102507000027_da,64610.0,77,66,12922.0
52,23945,ods_ytb_v_8600000002012102507000028_da,13365.0,37,26,2673.0
53,23951,ods_ytb_v_8600000002012102507000030_da,154548.0,23,12,32749.0
54,23957,ods_ytb_v_8600000002012102507000031_da,626764.0,63,52,146195.0
55,23963,ods_ytb_v_8600000002012102507000035_da,28024.0,58,47,5726.0
56,23969,ods_ytb_v_8600000002012102507000036_da,3920.0,48,37,560.0
57,23975,ods_ytb_v_8600000002012102507000037_da,18440.0,503,492,3688.0
58,23981,ods_ytb_v_8600000002012102507000038_da,14934.0,74,63,2489.0
59,23987,ods_ytb_v_8600000002012102507000039_da,12445.0,30,19,2489.0
60,23993,ods_ytb_v_8600000002012102507000040_da,66170.0,74,63,13234.0
61,23999,ods_ytb_v_8600000002012102507000041_da,3332.0,61,50,238.0
62,24005,ods_ytb_v_8600000002012102507000042_da,138745.0,43,32,27749.0
63,24011,ods_ytb_v_8600000002012102507000043_da,8640.0,63,52,960.0
64,24017,ods_ytb_v_8600000002012102507000044_da,265145.0,75,64,53029.0
65,24023,ods_ytb_v_8600000002012102607000046_da,86285.0,47,36,17257.0
66,24029,ods_ytb_v_8600000002012102607000047_da,272676.0,236,221,62537.0
67,24035,ods_ytb_v_8600000002012102607000048_da,598540.0,369,358,142467.0
68,24041,ods_ytb_v_8600000002012102607000049_da,335020.0,47,36,67004.0
69,24047,ods_ytb_v_8600000002012102607000050_da,140780.0,263,252,29563.0
70,24053,ods_ytb_v_8600000002012102607000051_da,8290.0,40,29,1658.0
71,24059,ods_ytb_v_8600000002012102807000052_da,30540.0,73,62,6108.0
72,24065,ods_ytb_v_8600000002012102807000053_da,7908.0,79,68,659.0
73,24071,ods_ytb_v_8600000002012102907000055_da,12696.0,31,20,2116.0
74,24077,ods_ytb_v_8600000002012102907000056_da,7084.0,30,19,644.0
75,24083,ods_ytb_v_8600000002013011907420161_da,37652.0,407,396,9413.0
76,24089,ods_ytb_v_8600000002013011907460161_da,16950.0,221,210,3390.0
77,24095,ods_ytb_v_8600000002013012207500161_da,858.0,95,84,78.0
78,24101,ods_ytb_v_8600000002013022207380001_da,219492.0,61,50,48729.0
79,24107,ods_ytb_v_8600000002013062707360001_da,98890.0,39,28,19778.0
80,24113,ods_ytb_v_8600000002013092607820001_da,514564.0,34,23,121473.0
81,24119,ods_ytb_v_8600000002013111907720005_da,0.0,163,148,
82,24125,ods_ytb_v_8600000002013111907720006_da,659336.0,376,365,158178.0
83,24131,ods_ytb_v_8600000002013111907720007_da,150260.0,42,31,30052.0
84,24137,ods_ytb_v_8600000002013112707080001_da,333716.0,76,65,76773.0
85,24143,ods_ytb_v_8600000002013112707080002_da,3364783.0,430,419,424490.0
86,24149,ods_ytb_v_8600000002013112707080003_da,48628.0,502,491,10877.0
87,24155,ods_ytb_v_8600000002013112707080004_da,11595.0,22,11,2319.0
88,24161,ods_ytb_v_8600000002013112707080005_da,17645.0,490,479,3529.0
89,24167,ods_ytb_v_8600000002013112707080006_da,17645.0,220,209,3529.0
90,24173,ods_ytb_v_8600000002013112707080007_da,1014.0,94,83,78.0
91,24179,ods_ytb_v_8600000002013112707080008_da,3810.0,79,68,635.0
92,24185,ods_ytb_v_8600000002013112707080009_da,1804460.0,34,23,424491.0
93,24191,ods_ytb_v_8600000002013112707080010_da,155696.0,23,12,36108.0
94,24197,ods_ytb_v_8600000002013112707080011_da,1765020.0,71,60,424359.0
95,24203,ods_ytb_v_8600000002013112707080012_da,617844.0,63,52,154748.0
96,24209,ods_ytb_v_8600000002013112707120001_da,986964.0,40,29,223189.0
97,24215,ods_ytb_v_8600000002013112807160001_da,256532.0,58,47,56453.0
98,24221,ods_ytb_v_8600000002013112807160002_da,78252.0,41,30,18027.0
99,24227,ods_ytb_v_8600000002013112807160003_da,13230.0,36,25,2646.0
100,24233,ods_ytb_v_8600000002013112807160004_da,3996.0,78,67,666.0
101,24239,ods_ytb_v_8600000002013112807160005_da,121075.0,75,64,24215.0
102,24245,ods_ytb_v_8600000002013112807160006_da,237379.0,234,219,66497.0
103,24251,ods_ytb_v_8600000002013112807160007_da,121075.0,58,47,24215.0
104,24257,ods_ytb_v_8600000002013112807160008_da,20232.0,60,49,1124.0
105,24263,ods_ytb_v_8600000002013112807180001_da,315432.0,46,35,68362.0
106,24269,ods_ytb_v_8600000002013112807200001_da,9606.0,39,28,1601.0
107,24275,ods_ytb_v_8600000002013112807200002_da,134716.0,262,251,29839.0
108,24281,ods_ytb_v_8600000002013112807200003_da,212.0,58,47,212.0
109,24287,ods_ytb_v_8600000002014032807080006_da,1080772.0,34,23,247665.0
110,24293,ods_ytb_v_8600000002014072907520001_da,5446.0,22,11,778.0
111,24299,ods_ytb_v_8600000002014102007040001_da,403991.0,168,153,124765.0
112,24305,ods_ytb_v_8600000002014102007040004_da,186100.0,98,87,40637.0
113,24311,ods_ytb_v_8600000002014102007040017_da,12995.0,99,88,2599.0
114,24317,ods_ytb_v_8600000002014102107060003_da,199412.0,101,90,40637.0
115,24323,ods_ytb_v_8600000002014102207080021_da,6342.0,100,89,1057.0
116,24329,ods_ytb_v_8600000002014102207080031_da,12995.0,101,90,2599.0
117,24335,ods_ytb_v_8600000002014102207080036_da,5285.0,103,92,1057.0
118,24341,ods_ytb_v_8600000002014102907200005_da,354584.0,65,54,81222.0
119,24347,ods_ytb_v_8600000002014103107240001_da,3937372.0,167,152,958034.0
120,24353,ods_ytb_v_8600000002014103107240002_da,988084.0,40,29,236781.0
121,24359,ods_ytb_v_8600000002014103107260002_da,203185.0,22,11,40637.0
122,24365,ods_ytb_v_8600000002014103107280001_da,190196.0,72,61,40637.0
123,24371,ods_ytb_v_8600000002014103107280003_da,204260.0,17,6,40852.0
124,24377,ods_ytb_v_8600000002014103107280004_da,31385.0,17,6,6277.0
125,24383,ods_ytb_v_8600000002014103107300001_da,3493696.0,430,419,440755.0
126,24389,ods_ytb_v_8600000002014103107300002_da,95196.0,502,491,21495.0
127,24395,ods_ytb_v_8600000002014110307340001_da,11300.0,22,11,2260.0
128,24401,ods_ytb_v_8600000002014110307340002_da,368288.0,76,65,80040.0
129,24407,ods_ytb_v_8600000002014110307340003_da,3794.0,79,68,542.0
130,24413,ods_ytb_v_8600000002014110307340004_da,18465.0,537,526,3693.0
131,24419,ods_ytb_v_8600000002014110307340005_da,88524.0,198,187,18035.0
132,24425,ods_ytb_v_8600000002014110407360002_da,980126.0,376,365,169606.0
133,24431,ods_ytb_v_8600000002014110507380007_da,118185.0,232,221,23637.0
134,24437,ods_ytb_v_8600000002014110507380009_da,88655.0,70,59,17731.0
135,24443,ods_ytb_v_8600000002014110507380015_da,31178.0,70,59,2227.0
136,24449,ods_ytb_v_8600000002014110507380016_da,150675.0,50,39,30135.0
137,24455,ods_ytb_v_8600000002014110607380022_da,1870500.0,34,23,440745.0
138,24461,ods_ytb_v_8600000002014111307500001_da,204260.0,78,67,40852.0
139,24467,ods_ytb_v_8600000002014111807700002_da,190016.0,179,168,40848.0
140,24473,ods_ytb_v_8600000002014111907700003_da,24740.0,68,57,6185.0
141,24479,ods_ytb_v_8600000002014111907700004_da,77740.0,67,56,15851.0
142,24485,ods_ytb_v_8600000002014111907700005_da,72790.0,83,72,14558.0
143,24491,ods_ytb_v_8600000002014112007720001_da,14085.0,67,56,2817.0
144,24497,ods_ytb_v_8600000002014112107740098_da,16902.0,32,21,2817.0
145,24503,ods_ytb_v_8600000002014112107740101_da,79255.0,31,20,15851.0
146,24509,ods_ytb_v_8600000002014112507800008_da,224356.0,67,52,47385.0
147,24515,ods_ytb_v_8600000002014112507800009_da,4373696.0,88,77,942755.0
148,24521,ods_ytb_v_8600000002014112707840001_da,31915.0,64,53,6383.0
149,24527,ods_ytb_v_8600000002014112707840002_da,393500.0,69,58,81223.0
150,24533,ods_ytb_v_8600000002014112707840005_da,371996.0,44,33,81223.0
151,24539,ods_ytb_v_8600000002014112707840006_da,3780.0,45,34,540.0
152,24545,ods_ytb_v_8600000002014112707840012_da,80676.0,41,30,18377.0
153,24551,ods_ytb_v_8600000002014112707840013_da,111980.0,87,76,24667.0
154,24557,ods_ytb_v_8600000002014112707840022_da,121196.0,58,47,24667.0
155,24563,ods_ytb_v_8600000002014112707840024_da,7730.0,39,28,1546.0
156,24569,ods_ytb_v_8600000002014120207000006_da,1858353.0,80,69,440528.0
157,24575,ods_ytb_v_8600000002014120507060009_da,672264.0,63,52,159874.0
158,24581,ods_ytb_v_8600000002014120507080005_da,296756.0,235,220,67021.0
159,24587,ods_ytb_v_8600000002014120507080006_da,329192.0,45,34,68730.0
160,24593,ods_ytb_v_8600000002014120507140011_da,168905.0,22,11,33781.0
161,24599,ods_ytb_v_8600000002014120507140012_da,397216.0,48,37,95976.0
162,24605,ods_ytb_v_8600000002014120507160005_da,40405.0,37,26,8081.0
163,24611,ods_ytb_v_8600000002014121207320006_da,56.0,572,561,7.0
164,24617,ods_ytb_v_8600000002014121207320007_da,112.0,214,203,8.0
165,24623,ods_ytb_v_8600000002014122407520001_da,202630.0,21,10,40526.0
166,24629,ods_ytb_v_8600000002014122507540021_da,1.0,32,21,8.0
167,24635,ods_ytb_v_8600000002014122507540022_da,150.0,32,21,10.0
168,24641,ods_ytb_v_8600000002014122507540023_da,1.0,32,21,13.0
169,24647,ods_ytb_v_8600000002015010807120001_da,1943360.0,80,69,474576.0
170,24653,ods_ytb_v_8600000002015032507600046_da,593896.0,40,29,137466.0
171,24659,ods_ytb_v_8600000002015061007520026_da,341228.0,133,122,76347.0
172,24665,ods_ytb_v_8600000002015091607740001_da,30660.0,30,19,6132.0
173,24671,ods_ytb_v_8600000002015101007120001_da,9535.0,80,65,1907.0
174,24677,ods_ytb_v_8600000002015112307320005_da,674128.0,175,164,41173.0
175,24683,ods_ytb_v_8600000002015112307320040_da,48025.0,69,58,2825.0
176,24689,ods_ytb_v_8600000002015112307320053_da,48042.0,35,24,2826.0
177,24695,ods_ytb_v_8600000002015112307320107_da,20179152.0,173,158,1187415.0
178,24701,ods_ytb_v_8600000002015112307320109_da,4386834.0,42,31,243725.0
179,24707,ods_ytb_v_8600000002015112307320231_da,1232130.0,73,62,82142.0
180,24713,ods_ytb_v_8600000002015112307320232_da,93690.0,65,54,6246.0
181,24719,ods_ytb_v_8600000002015112307320322_da,424983.0,59,48,24999.0
182,24725,ods_ytb_v_8600000002015112307320357_da,317458.0,42,31,18674.0
183,24731,ods_ytb_v_8600000002015112307320359_da,425034.0,88,77,25002.0
184,24737,ods_ytb_v_8600000002015112307320380_da,9880.0,46,35,520.0
185,24743,ods_ytb_v_8600000002015112307320408_da,7524515.0,35,24,443672.0
186,24749,ods_ytb_v_8600000002015112307320455_da,1670508.0,81,66,104419.0
187,24755,ods_ytb_v_8600000002015112307320458_da,280976.0,34,23,16528.0
188,24761,ods_ytb_v_8600000002015112307320521_da,7553358.0,81,70,443452.0
189,24767,ods_ytb_v_8600000002015112307320531_da,1095328.0,46,35,68458.0
190,24773,ods_ytb_v_8600000002015112307320532_da,1167560.0,234,219,68680.0
191,24779,ods_ytb_v_8600000002015112307320551_da,164176.0,22,11,10261.0
192,24785,ods_ytb_v_8600000002015112307320638_da,697884.0,32,21,41052.0
193,24791,ods_ytb_v_8600000002015112307320667_da,3352028.0,377,366,185797.0
194,24797,ods_ytb_v_8600000002015112307320817_da,543932.0,51,40,31996.0
195,24803,ods_ytb_v_8600000002015112307320822_da,40374.0,73,62,2243.0
196,24809,ods_ytb_v_8600000002015112307320863_da,334944.0,233,222,20934.0
197,24815,ods_ytb_v_8600000002015112307320870_da,281712.0,73,62,17607.0
198,24821,ods_ytb_v_8600000002015112307320891_da,3126151.0,61,50,173457.0
199,24827,ods_ytb_v_8600000002015112307320984_da,1815606.0,49,38,100867.0
200,24833,ods_ytb_v_8600000002015112307320988_da,485190.0,23,12,26955.0
201,24839,ods_ytb_v_8600000002015112307321003_da,2268061.0,173,158,125993.0
202,24845,ods_ytb_v_8600000002015112307321004_da,7508099.0,431,420,443672.0
203,24851,ods_ytb_v_8600000002015112307321005_da,240660.0,503,492,13370.0
204,24857,ods_ytb_v_8600000002015112307321053_da,697884.0,70,59,41052.0
205,24863,ods_ytb_v_8600000002015112307321076_da,35056.0,23,12,2191.0
206,24869,ods_ytb_v_8600000002015112307321103_da,68017.0,669,658,4001.0
207,24875,ods_ytb_v_8600000002015112307321105_da,296123.0,244,233,17419.0
208,24881,ods_ytb_v_8600000002015112307321106_da,1441404.0,77,66,80078.0
209,24887,ods_ytb_v_8600000002015112307321108_da,8517.0,80,69,501.0
210,24893,ods_ytb_v_8600000002015112307321182_da,280976.0,69,58,16528.0
211,24899,ods_ytb_v_8600000002015112307321185_da,100640.0,69,58,6290.0
212,24905,ods_ytb_v_8600000002015112307321309_da,166374.0,84,73,9243.0
213,24911,ods_ytb_v_8600000002015112307321333_da,1488312.0,67,56,82684.0
214,24917,ods_ytb_v_8600000002015112307321408_da,6715943.0,81,70,374069.0
215,24923,ods_ytb_v_8600000002015120107480001_da,4590.0,375,360,255.0
216,24929,ods_ytb_v_8600000002015120107500004_da,17352.0,380,365,964.0
217,24935,ods_ytb_v_8600000002015122107440004_da,141440.0,38,27,8320.0
218,24941,ods_ytb_v_8600000002016031507360001_da,599536.0,124,113,37471.0
219,24947,ods_ytb_v_8600000002016031707440001_da,3607268.0,124,113,277391.0
220,24953,ods_ytb_v_8600000002016102807740054_da,48334.0,23,12,2197.0
221,24959,ods_ytb_v_8600000002016102807740064_da,1130030.0,43,32,51365.0
222,24965,ods_ytb_v_8600000002016102807740140_da,3941463.0,377,366,187862.0
223,24971,ods_ytb_v_8600000002016102807740145_da,1103046.0,18,7,52526.0
224,24977,ods_ytb_v_8600000002016102807740148_da,1365607.0,81,70,68276.0
225,24983,ods_ytb_v_8600000002016102807740162_da,427140.0,233,222,20340.0
226,24989,ods_ytb_v_8600000002016102807740209_da,3442204.0,69,58,156150.0
227,24995,ods_ytb_v_8600000002016102807740231_da,1130030.0,69,58,51365.0
228,25001,ods_ytb_v_8600000002016102807740239_da,283626.0,503,492,13506.0
229,25007,ods_ytb_v_8600000002016102807740241_da,9294714.0,431,420,443892.0
230,25013,ods_ytb_v_8600000002016102807740243_da,2928161.0,167,152,127428.0
231,25019,ods_ytb_v_8600000002016102807740255_da,702328.0,51,40,30536.0
232,25025,ods_ytb_v_8600000002016102807740277_da,232806.0,81,70,11086.0
233,25031,ods_ytb_v_8600000002016102807740296_da,192680.0,18,7,9634.0
234,25037,ods_ytb_v_8600000002016102807740318_da,2864424.0,77,62,130020.0
235,25043,ods_ytb_v_8600000002016102807740357_da,1051500.0,79,68,52575.0
236,25049,ods_ytb_v_8600000002016102807740431_da,8701909.0,35,24,443893.0
237,25055,ods_ytb_v_8600000002016102807740481_da,137698.0,66,55,6259.0
238,25061,ods_ytb_v_8600000002016102807740484_da,1648920.0,73,62,82446.0
239,25067,ods_ytb_v_8600000002016102807740521_da,363636.0,34,23,17316.0
240,25073,ods_ytb_v_8600000002016102807740606_da,18732.0,380,365,892.0
241,25079,ods_ytb_v_8600000002016102807740620_da,10209567.0,79,68,443673.0
242,25085,ods_ytb_v_8600000002016102807740631_da,1537184.0,39,28,69872.0
243,25091,ods_ytb_v_8600000002016102807740632_da,1500559.0,234,219,68206.0
244,25097,ods_ytb_v_8600000002016102807740708_da,132930.0,70,59,6330.0
245,25103,ods_ytb_v_8600000002016102807740716_da,380974.0,69,58,17317.0
246,25109,ods_ytb_v_8600000002016102807740725_da,10213594.0,79,68,443069.0
247,25115,ods_ytb_v_8600000002016102807740799_da,201600.0,22,11,9600.0
248,25121,ods_ytb_v_8600000002016102807740850_da,550132.0,59,48,25006.0
249,25127,ods_ytb_v_8600000002016102807740882_da,1660360.0,67,56,83018.0
250,25133,ods_ytb_v_8600000002016102807740888_da,0.0,54,43,
251,25139,ods_ytb_v_8600000002016102807740964_da,217514.0,88,77,9887.0
252,25145,ods_ytb_v_8600000002016102807740966_da,354882.0,244,233,16131.0
253,25151,ods_ytb_v_8600000002016102807740968_da,1864840.0,77,66,81080.0
254,25157,ods_ytb_v_8600000002016102807740970_da,10542.0,80,69,502.0
255,25163,ods_ytb_v_8600000002016102807741042_da,180818.0,38,27,8219.0
256,25169,ods_ytb_v_8600000002016102807741070_da,44.0,74,63,2.0
257,25175,ods_ytb_v_8600000002016102807741073_da,882948.0,175,164,40134.0
258,25181,ods_ytb_v_8600000002016102807741113_da,10868.0,47,36,494.0
259,25187,ods_ytb_v_8600000002016102807741129_da,5199535.0,42,31,247483.0
260,25193,ods_ytb_v_8600000002016102807741139_da,27558628.0,177,162,1292243.0
261,25199,ods_ytb_v_8600000002016102807741147_da,550198.0,85,74,25009.0
262,25205,ods_ytb_v_8600000002016102807741150_da,408958.0,43,32,18589.0
263,25211,ods_ytb_v_8600000002016102807741160_da,61688.0,35,24,2804.0
264,25217,ods_ytb_v_8600000002016102807741196_da,56080.0,69,58,2804.0
265,25223,ods_ytb_v_8600000002016102807741263_da,3550608.0,101,90,161605.0
266,25229,ods_ytb_v_8600000002016102807741310_da,2409527.0,49,38,109671.0
267,25235,ods_ytb_v_8600000002016102807741315_da,569756.0,23,12,25898.0
268,25241,ods_ytb_v_8600000002016110707020002_da,879142.0,111,100,39961.0
269,25247,ods_ytb_v_8600000002016110707040001_da,879142.0,100,89,39961.0
270,25253,ods_ytb_v_8600000002016110807060001_da,62854.0,114,103,2857.0
271,25259,ods_ytb_v_8600000002016110807060002_da,59997.0,99,88,2857.0
272,25265,ods_ytb_v_8600000002016110807060003_da,550726.0,109,98,25033.0
273,25271,ods_ytb_v_8600000002016110807060004_da,525693.0,100,89,25033.0
274,25277,ods_ytb_v_8600000002016120207540004_da,147042.0,69,58,7002.0
275,25283,ods_ytb_v_8600000002016120207560001_da,26985.0,69,58,1285.0
276,25289,ods_ytb_v_8600000002016121607740050_da,554232.0,68,57,26392.0
277,25295,ods_ytb_v_8600000002017021607340001_da,416787.0,69,58,19847.0
278,25301,ods_ytb_v_8600000002017111407280002_da,564558.0,71,60,24546.0
279,25307,ods_ytb_v_8600000002017111407280065_da,41643.0,69,58,1983.0
280,25313,ods_ytb_v_8600000002017111407280087_da,61425.0,72,61,2925.0
281,25319,ods_ytb_v_8600000002017111407280094_da,837900.0,98,88,39900.0
282,25325,ods_ytb_v_8600000002017111407280107_da,5477520.0,43,32,260330.0
283,25331,ods_ytb_v_8600000002017111407280141_da,695296.0,186,171,1265650.0
284,25337,ods_ytb_v_8600000002017111407280160_da,438394.0,43,32,19927.0
285,25343,ods_ytb_v_8600000002017111407280168_da,620379.0,85,74,26973.0
286,25349,ods_ytb_v_8600000002017111407280195_da,58520.0,35,24,2926.0
287,25355,ods_ytb_v_8600000002017111407280245_da,565215.0,59,48,26915.0
288,25361,ods_ytb_v_8600000002017111407280259_da,333564.0,65,54,15162.0
289,25367,ods_ytb_v_8600000002017111407280261_da,28742.0,23,12,2053.0
290,25373,ods_ytb_v_8600000002017111407280265_da,8493606.0,35,24,441968.0
291,25379,ods_ytb_v_8600000002017111407280301_da,980582.0,34,23,42634.0
292,25385,ods_ytb_v_8600000002017111407280315_da,877800.0,99,89,39900.0
293,25391,ods_ytb_v_8600000002017111407280337_da,10164.0,46,35,462.0
294,25397,ods_ytb_v_8600000002017111407280396_da,138644.0,69,58,6302.0
295,25403,ods_ytb_v_8600000002017111407280397_da,1704860.0,91,80,85243.0
296,25409,ods_ytb_v_8600000002017111407280424_da,1881242.0,68,57,85566.0
297,25415,ods_ytb_v_8600000002017111407280430_da,594594.0,68,57,28314.0
298,25421,ods_ytb_v_8600000002017111407280460_da,878834.0,22,11,39947.0
299,25427,ods_ytb_v_8600000002017111407280487_da,0.0,76,65,
300,25433,ods_ytb_v_8600000002017111407280492_da,838698.0,177,166,39938.0
301,25439,ods_ytb_v_8600000002017111407280591_da,185042.0,42,31,8411.0
302,25445,ods_ytb_v_8600000002017111407280626_da,141064.0,72,61,6412.0
303,25451,ods_ytb_v_8600000002017111407280651_da,62874.0,101,91,2994.0
304,25457,ods_ytb_v_8600000002017111407280652_da,551920.0,99,89,27596.0
305,25463,ods_ytb_v_8600000002017111407280653_da,579516.0,96,86,27596.0
306,25469,ods_ytb_v_8600000002017111407280654_da,50898.0,98,88,2994.0
307,25475,ods_ytb_v_8600000002017111407280673_da,8628593.0,77,66,441922.0
308,25481,ods_ytb_v_8600000002017111407280693_da,407308.0,72,61,18514.0
309,25487,ods_ytb_v_8600000002017111407280746_da,2647245.0,77,62,120021.0
310,25493,ods_ytb_v_8600000002017111407280844_da,78582.0,68,58,11226.0
311,25499,ods_ytb_v_8600000002017111407280981_da,248493.0,81,70,11833.0
312,25505,ods_ytb_v_8600000002017111407281020_da,259968.0,503,492,11584.0
313,25511,ods_ytb_v_8600000002017111407281035_da,2988791.0,169,154,142278.0
314,25517,ods_ytb_v_8600000002017111407281037_da,8621818.0,431,420,441968.0
315,25523,ods_ytb_v_8600000002017111407281042_da,2735400.0,63,52,130242.0
316,25529,ods_ytb_v_8600000002017111407281075_da,745786.0,51,40,32503.0
317,25535,ods_ytb_v_8600000002017111407281080_da,497784.0,23,12,23704.0
318,25541,ods_ytb_v_8600000002017111407281087_da,1642476.0,39,28,74658.0
319,25547,ods_ytb_v_8600000002017111407281089_da,1502120.0,234,219,68233.0
320,25553,ods_ytb_v_8600000002017111407281124_da,8409480.0,77,66,441748.0
321,25559,ods_ytb_v_8600000002017111407281173_da,942216.0,123,113,42828.0
322,25565,ods_ytb_v_8600000002017111407281174_da,852680.0,69,58,42634.0
323,25571,ods_ytb_v_8600000002017111407281360_da,247296.0,112,101,11776.0
324,25577,ods_ytb_v_8600000002017111407281362_da,355215.0,244,233,16915.0
325,25583,ods_ytb_v_8600000002017111407281370_da,1773464.0,77,66,80612.0
326,25589,ods_ytb_v_8600000002017111407281390_da,106392.0,667,656,4836.0
327,25595,ods_ytb_v_8600000002017111407281413_da,440118.0,233,222,20958.0
328,25601,ods_ytb_v_8600000002017111407281450_da,1569789.0,81,70,74774.0
329,25607,ods_ytb_v_8600000002017111407281464_da,407396.0,34,23,18518.0
330,25613,ods_ytb_v_8600000002017111407281488_da,4320096.0,377,366,205388.0
331,25619,ods_ytb_v_8600000002017112707660001_da,1086432.0,35,24,45268.0
332,25625,ods_ytb_v_8600000002017112807680035_da,387009.0,67,52,18429.0
333,25631,ods_ytb_v_8600000002017112807680051_da,199694.0,66,51,9077.0
334,25637,ods_ytb_v_8600000002017112807680066_da,423476.0,51,40,18412.0
335,25643,ods_ytb_v_8600000002017112807680088_da,208771.0,377,366,9077.0
336,25649,ods_ytb_v_8600000002017113007880077_da,15225.0,124,109,725.0
337,25655,ods_ytb_v_8600000002017120107080055_da,1518.0,21,10,69.0
338,25661,ods_ytb_v_8600000002017120107080057_da,1491.0,21,6,71.0
339,25667,ods_ytb_v_8600000002017120107080061_da,1449.0,305,294,69.0
340,25673,ods_ytb_v_8600000002017120107080063_da,1056.0,386,375,48.0
341,25679,ods_ytb_v_8600000002018081007420004_da,15255.0,35,24,3051.0
342,25685,ods_ytb_v_8600000002018081007420005_da,197944.0,191,180,41550.0
343,25691,ods_ytb_v_8600000002018081007420006_da,207750.0,25,14,41550.0
344,25697,ods_ytb_v_8600000002018081007420007_da,207705.0,22,11,41541.0
345,25703,ods_ytb_v_8600000002018081007420008_da,42775.0,40,29,8555.0
346,25709,ods_ytb_v_8600000002018081007420009_da,78404.0,34,23,19601.0
347,25715,ods_ytb_v_8600000002018081007420010_da,15265.0,83,72,3053.0
348,25721,ods_ytb_v_8600000002018081007420016_da,387552.0,77,66,89720.0
349,25727,ods_ytb_v_8600000002018081007420020_da,170296.0,424,413,41550.0
350,25733,ods_ytb_v_8600000002018081007420022_da,362948.0,85,74,88945.0
351,25739,ods_ytb_v_8600000002018081007420025_da,4280.0,46,35,428.0
352,25745,ods_ytb_v_8600000002018081007420026_da,35155.0,58,47,7031.0
353,25751,ods_ytb_v_8600000002018081007420027_da,70320.0,85,74,7032.0
354,25757,ods_ytb_v_8600000002018081007420029_da,35120.0,82,71,7024.0
355,25763,ods_ytb_v_8600000002018081007420040_da,33348.0,85,74,6801.0
356,25769,ods_ytb_v_8600000002018081007420043_da,0.0,90,79,
357,25775,ods_ytb_v_8600000002018081007420049_da,3647.0,556,545,521.0
358,25781,ods_ytb_v_8600000002018081007420050_da,3060.0,502,491,306.0
359,25787,ods_ytb_v_8600000002018081007420054_da,34050.0,221,206,6810.0
360,25793,ods_ytb_v_8600000002018081007420055_da,34090.0,38,27,6818.0
361,25799,ods_ytb_v_8600000002018081007420056_da,421380.0,25,14,89729.0
362,25805,ods_ytb_v_8600000002018081007420069_da,583644.0,257,242,137207.0
363,25811,ods_ytb_v_8600000002018081007420085_da,57525.0,146,135,11505.0
364,25817,ods_ytb_v_8600000002018081007420086_da,97980.0,83,72,19596.0
365,25823,ods_ytb_v_8600000002018081007420093_da,220910.0,74,63,44182.0
366,25829,ods_ytb_v_8600000002018081007420094_da,218104.0,34,23,44286.0
367,25835,ods_ytb_v_8600000002018081407460001_da,49375.0,23,12,9875.0
368,25841,ods_ytb_v_8600000002018103107160001_da,51270.0,24,13,10254.0
369,25847,ods_ytb_v_8600000002018110107180001_da,206630.0,99,88,41326.0
370,25853,ods_ytb_v_8600000002018110107180002_da,190904.0,103,92,41326.0
371,25859,ods_ytb_v_8600000002018110107180003_da,14872.0,102,91,3206.0
372,25865,ods_ytb_v_8600000002018110107180004_da,16030.0,102,91,3206.0
373,25871,ods_ytb_v_8600000002018110107180005_da,141845.0,97,86,28369.0
374,25877,ods_ytb_v_8600000002018110107180006_da,141845.0,103,92,28369.0
375,25883,ods_ytb_v_8600000002018112007440001_da,5320695.0,188,173,1302095.0
376,25889,ods_ytb_v_8600000002018121107880001_da,554864.0,77,66,127452.0
377,25895,ods_ytb_v_8600000002018121107880002_da,74510.0,67,56,14902.0
378,25901,ods_ytb_v_8600000002018121207000022_da,4218.0,132,117,703.0
379,25907,ods_ytb_v_8600000002018121207000075_da,2051260.0,87,76,476465.0
380,25913,ods_ytb_v_8600000002018121207000079_da,977280.0,87,76,234592.0
381,25919,ods_ytb_v_8600000002018121207020003_da,1380656.0,77,66,87027.0
382,25925,ods_ytb_v_8600000002018121707180001_da,1173340.0,43,32,275415.0
383,25931,ods_ytb_v_8600000002018122407260021_da,294576.0,65,50,18411.0
384,25937,ods_ytb_v_8600000002018122407260044_da,48720.0,67,52,9744.0
385,25943,ods_ytb_v_8600000002018122407260087_da,92040.0,55,44,18408.0
386,25949,ods_ytb_v_8600000002018122407260107_da,47124.0,409,398,9733.0
387,25955,ods_ytb_v_8600000002018122407260124_da,359868.0,91,80,82287.0
388,25961,ods_ytb_v_8600000002018122407260125_da,937797.0,409,398,225559.0
389,25967,ods_ytb_v_8600000002018122407260126_da,110410.0,233,222,22082.0
390,25973,ods_ytb_v_8600000002018122407260127_da,64215.0,91,80,12843.0
391,25979,ods_ytb_v_8600000002018122407260128_da,175840.0,55,44,35168.0
392,25985,ods_ytb_v_8600000002019010207400001_da,1976372.0,35,24,476685.0
393,25991,ods_ytb_v_8600000002019010207400004_da,125355.0,23,12,25071.0
394,25997,ods_ytb_v_8600000002019010207400005_da,1412160.0,191,180,173576.0
395,26003,ods_ytb_v_8600000002019010707500003_da,584084.0,48,37,137061.0
396,26009,ods_ytb_v_8600000002019010807540002_da,108335.0,43,32,21667.0
397,26015,ods_ytb_v_8600000002019011407000001_da,238235.0,35,24,47647.0
398,26021,ods_ytb_v_8600000002019012507640002_da,3768.0,502,491,314.0
399,26027,ods_ytb_v_8600000002019012507660001_da,145900.0,86,75,29180.0
400,26033,ods_ytb_v_8600000002019012507660002_da,124868.0,59,48,29169.0
401,26039,ods_ytb_v_8600000002019012507660003_da,151980.0,68,57,30396.0
402,26045,ods_ytb_v_8600000002019012907760001_da,198192.0,186,171,40588.0
403,26051,ods_ytb_v_8600000002019012907780001_da,1981699.0,432,421,476685.0
404,26057,ods_ytb_v_8600000002019012907780002_da,53432.0,503,492,11310.0
405,26063,ods_ytb_v_8600000002019012907780005_da,28810.0,981,970,5762.0
406,26069,ods_ytb_v_8600000002019012907800006_da,95400.0,244,233,19080.0
407,26075,ods_ytb_v_8600000002019013107840001_da,206892.0,66,51,47883.0
408,26081,ods_ytb_v_8600000002019020107860001_da,321948.0,222,207,69735.0
409,26087,ods_ytb_v_8600000002019020107880002_da,678568.0,82,67,141738.0
410,26093,ods_ytb_v_8600000002019110107820007_da,91640.0,244,233,18328.0
411,26099,ods_ytb_v_8600000002019110107820064_da,554432.0,77,66,128880.0
412,26105,ods_ytb_v_8600000002019110107820065_da,119655.0,67,56,23931.0
413,26111,ods_ytb_v_8600000002019110107820068_da,10937322.0,199,184,1325487.0
414,26117,ods_ytb_v_8600000002019110107820262_da,315828.0,185,170,72557.0
415,26123,ods_ytb_v_8600000002019110107820313_da,516012.0,77,66,116203.0
416,26129,ods_ytb_v_8600000002019110107820343_da,117630.0,30,20,23526.0
417,26135,ods_ytb_v_8600000002019110107820346_da,1219160.0,35,24,296086.0
418,26141,ods_ytb_v_8600000002019110107820367_da,3010.0,78,67,602.0
419,26147,ods_ytb_v_8600000002019110107820369_da,1287120.0,39,28,80445.0
420,26153,ods_ytb_v_8600000002019110107820370_da,721148.0,89,74,162623.0
421,26159,ods_ytb_v_8600000002019110107820378_da,6261742.0,77,66,1005802.0
422,26165,ods_ytb_v_8600000002019110107820393_da,646064.0,55,44,40379.0
423,26171,ods_ytb_v_8600000002019110107820394_da,393464.0,72,62,92990.0
424,26177,ods_ytb_v_8600000002019110107820395_da,1064038.0,415,404,254752.0
425,26183,ods_ytb_v_8600000002019110107820396_da,118840.0,287,276,23768.0
426,26189,ods_ytb_v_8600000002019110107820397_da,73790.0,72,62,14758.0
427,26195,ods_ytb_v_8600000002019110107820414_da,159645.0,58,48,31929.0
428,26201,ods_ytb_v_8600000002019110107820416_da,159840.0,85,75,31968.0
429,26207,ods_ytb_v_8600000002019110107820417_da,158860.0,67,57,31772.0
430,26213,ods_ytb_v_8600000002019110107820418_da,30880.0,948,937,6176.0
431,26219,ods_ytb_v_8600000002019110107820419_da,2104691.0,392,381,507749.0
432,26225,ods_ytb_v_8600000002019110107820420_da,53155.0,503,492,10631.0
433,26231,ods_ytb_v_8600000002019110107820449_da,184129.0,159,149,184829.0
434,26237,ods_ytb_v_8600000002019110107820454_da,4634596.0,35,24,573156.0
435,26243,ods_ytb_v_8600000002019110107840001_da,284920.0,34,23,56984.0
436,26249,ods_ytb_v_8600000002019110107840002_da,278108.0,70,59,56983.0
437,26255,ods_ytb_v_8600000002019110407860001_da,227710.0,99,88,45542.0
438,26261,ods_ytb_v_8600000002019110407860002_da,227705.0,93,82,45541.0
439,26267,ods_ytb_v_8600000002019110407860003_da,19090.0,102,91,3818.0
440,26273,ods_ytb_v_8600000002019110407860004_da,19090.0,92,81,3818.0
441,26279,ods_ytb_v_8600000002019110407860005_da,149404.0,97,86,31463.0
442,26285,ods_ytb_v_8600000002019110407860006_da,157315.0,93,82,31463.0
443,26291,ods_ytb_v_8600000002019110407880001_da,1706934.0,195,180,207590.0
444,26297,ods_ytb_v_8600000002019110707040001_da,0.0,75,64,
445,26303,ods_ytb_v_8600000002019110707040002_da,407608.0,98,87,45703.0
446,26309,ods_ytb_v_8600000002019110707040003_da,33212.0,68,57,7535.0
447,26315,ods_ytb_v_8600000002019110807060001_da,60315.0,103,92,12063.0
448,26321,ods_ytb_v_8600000002019110807080001_da,458524.0,62,51,98247.0
449,26327,ods_ytb_v_8600000002019111507180003_da,114195.0,62,51,22839.0
450,26333,ods_ytb_v_8600000002019112107380001_da,17980.0,62,51,3596.0
451,26339,ods_ytb_v_8600000002019112207400001_da,17990.0,36,25,3598.0
452,26345,ods_ytb_v_8600000002019112207420012_da,107910.0,60,45,21582.0
453,26351,ods_ytb_v_8600000002019112207420032_da,107335.0,55,44,21467.0
454,26357,ods_ytb_v_8600000002019112207420115_da,66550.0,415,404,13310.0
455,26363,ods_ytb_v_8600000002019112207420120_da,67165.0,62,47,13433.0
456,26369,ods_ytb_v_8600000002019112207440024_da,4008.0,132,117,668.0
457,26375,ods_ytb_v_8600000002019112507520001_da,0.0,406,395,
458,26381,ods_ytb_v_8600000002019112507520003_da,756.0,406,395,108.0
459,26387,ods_ytb_v_8600000002019112607540062_da,440940.0,78,67,97435.0
460,26393,ods_ytb_v_8600000002019112607540063_da,33910.0,68,57,6782.0
461,26399,ods_ytb_v_8600000002019112707580001_da,114205.0,35,24,22841.0
462,26405,ods_ytb_v_8600000002019112707600054_da,106.0,359,348,106.0
463,26411,ods_ytb_v_8600000002019120407720001_da,893640.0,78,63,214706.0
464,26417,ods_ytb_v_8600000002019120507780001_1_da,958790.0,21,13,68485.0
465,26423,ods_ytb_v_8600000002019120507780002_da,228470.0,22,11,45694.0
466,26429,ods_ytb_v_8600000002019120607800001_da,49990.0,40,29,9998.0
467,26435,ods_ytb_v_8600000002019121807120001_da,186196.0,49,34,46549.0
468,26441,ods_ytb_v_8600000002019121807120002_da,202952.0,46,35,44338.0
469,26447,ods_ytb_v_8600000002020102907400019_da,110.0,21,6,55.0
470,26453,ods_ytb_v_8600000002020102907400053_da,104.0,79,68,52.0
471,26459,ods_ytb_v_8600000002020102907400070_da,129900.0,60,50,25980.0
472,26465,ods_ytb_v_8600000002020102907400073_da,161248.0,88,77,35192.0
473,26471,ods_ytb_v_8600000002020102907400074_da,129495.0,67,57,25899.0
474,26477,ods_ytb_v_8600000002020102907400075_da,45210.0,948,937,7023.0
475,26483,ods_ytb_v_8600000002020102907400076_da,2220287.0,392,381,537181.0
476,26489,ods_ytb_v_8600000002020102907400078_da,194852.0,22,11,47945.0
477,26495,ods_ytb_v_8600000002020102907400080_da,49868.0,503,492,10675.0
478,26501,ods_ytb_v_8600000002020102907400089_da,299025.0,26,15,59805.0
479,26507,ods_ytb_v_8600000002020102907400091_da,299025.0,73,62,59805.0
480,26513,ods_ytb_v_8600000002020102907400161_da,818912.0,158,147,195488.0
481,26519,ods_ytb_v_8600000002020102907400178_da,4898388.0,35,24,537190.0
482,26525,ods_ytb_v_8600000002020102907400271_da,455868.0,78,67,103727.0
483,26531,ods_ytb_v_8600000002020102907400273_da,35475.0,68,57,7095.0
484,26537,ods_ytb_v_8600000002020102907400353_da,90545.0,244,233,18109.0
485,26543,ods_ytb_v_8600000002020102907400423_da,127772.0,73,62,28615.0
486,26549,ods_ytb_v_8600000002020102907400424_da,589392.0,79,68,136340.0
487,26555,ods_ytb_v_8600000002020102907400430_da,103992.0,103,92,12999.0
488,26561,ods_ytb_v_8600000002020102907400431_da,11508599.0,198,183,1400749.0
489,26567,ods_ytb_v_8600000002020102907400438_da,302112.0,198,183,72456.0
490,26573,ods_ytb_v_8600000002020102907400458_da,124525.0,71,60,24905.0
491,26579,ods_ytb_v_8600000002020102907400467_da,0.0,28,17,
492,26585,ods_ytb_v_8600000002020102907400552_da,215656.0,46,35,46746.0
493,26591,ods_ytb_v_8600000002020102907400554_da,231944.0,48,33,47234.0
494,26597,ods_ytb_v_8600000002020102907400557_da,19490.0,62,51,3898.0
495,26603,ods_ytb_v_8600000002020102907400610_da,125835.0,62,51,25167.0
496,26609,ods_ytb_v_8600000002020102907400639_da,123196.0,35,24,25167.0
497,26615,ods_ytb_v_8600000002020102907400646_da,449964.0,96,85,104555.0
498,26621,ods_ytb_v_8600000002020102907400721_da,1045432.0,77,66,257518.0
499,26627,ods_ytb_v_8600000002020102907400790_da,1038545.0,194,179,123495.0
500,26633,ods_ytb_v_8600000002020102907400800_da,1364060.0,41,30,318487.0
501,26639,ods_ytb_v_8600000002020102907400803_da,175965.0,35,24,35193.0
502,26645,ods_ytb_v_8600000002020102907400812_da,50670.0,40,29,10134.0
503,26651,ods_ytb_v_8600000002020102907400837_da,0.0,75,64,
504,26657,ods_ytb_v_8600000002020102907400844_da,41810.0,68,57,8362.0
505,26663,ods_ytb_v_8600000002020102907400846_da,423720.0,95,84,47973.0
506,26669,ods_ytb_v_8600000002020102907400904_da,221220.0,55,44,44553.0
507,26675,ods_ytb_v_8600000002020102907400914_da,81270.0,73,62,16254.0
508,26681,ods_ytb_v_8600000002020102907400916_da,127448.0,287,276,27254.0
509,26687,ods_ytb_v_8600000002020102907400917_da,1193428.0,413,402,282459.0
510,26693,ods_ytb_v_8600000002020102907400920_da,461168.0,73,62,103004.0
511,26699,ods_ytb_v_8600000002020102907401034_da,4956.0,78,67,826.0
512,26705,ods_ytb_v_8600000002020102907401053_da,350724.0,41,30,76929.0
513,26711,ods_ytb_v_8600000002020102907401071_da,4431357.0,77,66,536651.0
514,26717,ods_ytb_v_8600000002020102907401075_da,5941080.0,91,76,421869.0
515,26723,ods_ytb_v_8600000002020102907401077_da,20585.0,102,91,4117.0
516,26729,ods_ytb_v_8600000002020102907401078_da,20585.0,100,89,4117.0
517,26735,ods_ytb_v_8600000002020102907401080_da,137632.0,97,86,34408.0
518,26741,ods_ytb_v_8600000002020102907401081_da,172040.0,101,90,34408.0
519,26747,ods_ytb_v_8600000002020102907401085_da,207976.0,99,88,47642.0
520,26753,ods_ytb_v_8600000002020102907401087_da,227432.0,101,90,47642.0
521,26759,ods_ytb_v_8600000002020102907401114_da,19490.0,36,25,3898.0
522,26765,ods_ytb_v_8600000002020111307440145_da,235.0,49,34,47.0
523,26771,ods_ytb_v_8600000002020111307440146_da,235.0,25,14,47.0
524,26777,ods_ytb_v_8600000002020111307440147_da,188.0,47,36,47.0
525,26783,ods_ytb_v_8600000002020120407560001_da,131.0,359,348,131.0
526,26789,ods_ytb_v_8600000002020120407560004_da,0.0,406,395,
527,26795,ods_ytb_v_8600000002020120407560005_da,1344.0,406,395,96.0
528,26801,ods_ytb_v_8600000002020120407560079_da,60835.0,66,51,12167.0
529,26807,ods_ytb_v_8600000002020120407560086_da,60835.0,413,402,12167.0
530,26813,ods_ytb_v_8600000002020120407560127_da,186240.0,55,44,23280.0
531,26819,ods_ytb_v_8600000002020120407560163_da,104408.0,64,49,23286.0
532,26825,ods_ytb_v_8600000002020120407560392_da,5152.0,132,117,644.0
533,26831,ods_ytb_v_8600000002021022007840001_da,1543157.0,47,36,238730.0
534,26837,ods_ytb_v_8600000002021022007840002_da,634495.0,43,32,126899.0
535,26843,ods_ytb_v_8600000002021110107720031_da,5467.0,86,75,866.0
536,26849,ods_ytb_v_8600000002021110107720068_da,235.0,48,33,47.0
537,26855,ods_ytb_v_8600000002021110107720072_da,188.0,47,36,47.0
538,26861,ods_ytb_v_8600000002021110107720074_da,235.0,25,14,47.0
539,26867,ods_ytb_v_8600000002021110107720079_da,249444.0,40,29,65702.0
540,26873,ods_ytb_v_8600000002021110107720122_da,2021397.0,77,66,546125.0
541,26879,ods_ytb_v_8600000002021110107720127_da,22075.0,103,92,4415.0
542,26885,ods_ytb_v_8600000002021110107720130_da,6825129.0,96,81,416143.0
543,26891,ods_ytb_v_8600000002021110107720151_da,261140.0,100,89,53253.0
544,26897,ods_ytb_v_8600000002021110107720155_da,17140.0,84,73,3428.0
545,26903,ods_ytb_v_8600000002021110107720163_da,7785.0,23,12,1557.0
546,26909,ods_ytb_v_8600000002021110107720167_da,192344.0,91,80,39126.0
547,26915,ods_ytb_v_8600000002021110107720172_da,1095264.0,190,175,129356.0
548,26921,ods_ytb_v_8600000002021110107720173_da,195705.0,90,79,39141.0
549,26927,ods_ytb_v_8600000002021110107720175_da,26580.0,93,82,4430.0
550,26933,ods_ytb_v_8600000002021110107720177_da,244972.0,94,83,53307.0
551,26939,ods_ytb_v_8600000002021110107720184_da,188744.0,48,33,43202.0
552,26945,ods_ytb_v_8600000002021110107720186_da,195403.0,46,35,43187.0
553,26951,ods_ytb_v_8600000002021110107720189_da,70208.0,62,51,4388.0
554,26957,ods_ytb_v_8600000002021110107720242_da,43305.0,79,68,8661.0
555,26963,ods_ytb_v_8600000002021110107720330_da,213969.0,55,44,45880.0
556,26969,ods_ytb_v_8600000002021110107720356_da,2916.0,80,69,243.0
557,26975,ods_ytb_v_8600000002021110107720376_da,1430060.0,429,418,304567.0
558,26981,ods_ytb_v_8600000002021110107720380_da,740670.0,77,66,205702.0
559,26987,ods_ytb_v_8600000002021110107720381_da,68476.0,287,276,16607.0
560,26993,ods_ytb_v_8600000002021110107720382_da,67975.0,73,62,13595.0
561,26999,ods_ytb_v_8600000002021110107720385_da,7730.0,79,68,1546.0
562,27005,ods_ytb_v_8600000002021110107720413_da,402552.0,73,62,90654.0
563,27011,ods_ytb_v_8600000002021110107720426_da,4208807.0,38,27,548110.0
564,27017,ods_ytb_v_8600000002021110107720457_da,692028.0,181,170,163791.0
565,27023,ods_ytb_v_8600000002021110107720551_da,34710.0,68,57,6942.0
566,27029,ods_ytb_v_8600000002021110107720555_da,518588.0,101,90,115311.0
567,27035,ods_ytb_v_8600000002021110107720631_da,174241.0,47,36,12416.0
568,27041,ods_ytb_v_8600000002021110107720632_da,6162.0,43,32,510.0
569,27047,ods_ytb_v_8600000002021110107720678_da,104.0,946,935,10.0
570,27053,ods_ytb_v_8600000002021110107720689_da,140268.0,62,51,29435.0
571,27059,ods_ytb_v_8600000002021110107720691_da,0.0,130,119,
572,27065,ods_ytb_v_8600000002021110107720692_da,324828.0,73,62,66103.0
573,27071,ods_ytb_v_8600000002021110107720700_da,330515.0,29,18,66103.0
574,27077,ods_ytb_v_8600000002021110107720711_da,242366.0,503,492,16582.0
575,27083,ods_ytb_v_8600000002021110107720715_da,141136.0,43,32,29140.0
576,27089,ods_ytb_v_8600000002021110107720716_da,145890.0,81,70,29178.0
577,27095,ods_ytb_v_8600000002021110107720718_da,44844.0,997,986,9783.0
578,27101,ods_ytb_v_8600000002021110107720719_da,144685.0,78,67,28937.0
579,27107,ods_ytb_v_8600000002021110107720721_da,1508390.0,392,381,546610.0
580,27113,ods_ytb_v_8600000002021110107720724_da,266140.0,22,11,53735.0
581,27119,ods_ytb_v_8600000002021110107720748_da,21940.0,36,25,4388.0
582,27125,ods_ytb_v_8600000002021110107720789_da,1452884.0,53,42,357077.0
583,27131,ods_ytb_v_8600000002021110107720806_da,1890.0,21,6,172.0
584,27137,ods_ytb_v_8600000002021110107720834_da,145855.0,37,26,29171.0
585,27143,ods_ytb_v_8600000002021110107720870_da,45915.0,69,58,9183.0
586,27149,ods_ytb_v_8600000002021110107720892_da,0.0,75,64,
587,27155,ods_ytb_v_8600000002021110107720900_da,88880.0,81,70,17776.0
588,27161,ods_ytb_v_8600000002021110107720904_da,234.0,83,72,39.0
589,27167,ods_ytb_v_8600000002021110107720916_da,510168.0,96,85,116278.0
590,27173,ods_ytb_v_8600000002021110107720917_da,237690.0,169,154,62733.0
591,27179,ods_ytb_v_8600000002021110107720943_da,465128.0,95,84,53789.0
592,27185,ods_ytb_v_8600000002021110107720961_da,147175.0,35,24,29435.0
593,27191,ods_ytb_v_8600000002021110107720993_da,55335.0,40,29,11067.0
594,27197,ods_ytb_v_8600000002021110107721002_da,10523482.0,186,171,1425533.0
595,27203,ods_ytb_v_8600000002021110107721004_da,69030.0,103,92,13806.0
596,27209,ods_ytb_v_8600000002021110107721060_da,897061.0,79,68,133184.0
597,27215,ods_ytb_v_8600000002021110107721062_da,438531.0,84,73,43818.0
598,27221,ods_ytb_v_8600000002021110107721109_da,264332.0,244,233,17861.0
599,27227,ods_ytb_v_8600000002021111707780048_da,52391.0,429,418,12559.0
600,27233,ods_ytb_v_8600000002021111707780069_da,50505.0,65,50,12627.0
601,27239,ods_ytb_v_8600000002021111707780080_da,102165.0,63,48,25552.0
602,27245,ods_ytb_v_8600000002021111707780120_da,91475.0,55,44,25540.0
603,27251,ods_ytb_v_8600000002021111807780176_da,2265.0,399,388,151.0
604,27257,ods_ytb_v_8600000002021111807780179_da,576.0,410,399,36.0
605,27263,ods_ytb_v_8600000002021111807780250_da,3768.0,132,117,628.0
606,27269,ods_ytb_v_8633000002012011207002264_da,28360.0,34,23,5672.0
607,27275,ods_ytb_v_8633000002012121907000003_da,2180.0,84,73,218.0
608,27281,ods_ytb_v_8633000002012121907000004_da,78175.0,179,168,15635.0
609,27287,ods_ytb_v_8633000002012122007000005_da,181675.0,65,54,36335.0
610,27293,ods_ytb_v_8633000002012122007000006_da,8625.0,98,87,1725.0
611,27299,ods_ytb_v_8633000002012122007000007_da,8650.0,114,103,1730.0
612,27305,ods_ytb_v_8633000002012122007000008_da,4440.0,88,77,555.0
613,27311,ods_ytb_v_8633000002012122007000011_da,40464.0,64,53,9092.0
614,27317,ods_ytb_v_8633000002012122007000012_da,5658.0,29,18,943.0
615,27323,ods_ytb_v_8633000002012122007000013_da,2919.0,97,86,417.0
616,27329,ods_ytb_v_8633000002012122007000014_da,3024.0,113,102,432.0
617,27335,ods_ytb_v_8633000002012122007000015_da,139.0,87,76,139.0
618,27341,ods_ytb_v_8633000002012122007000016_da,28585.0,35,24,5717.0
619,27347,ods_ytb_v_8633000002012122107000024_da,0.0,124,109,
620,27353,ods_ytb_v_8633000002012122107000027_da,386384.0,61,50,24149.0
621,27359,ods_ytb_v_8633000002012122107000029_da,176905.0,43,32,35381.0
622,27365,ods_ytb_v_8633000002012122207000030_da,216.0,671,659,36.0
623,27371,ods_ytb_v_8633000002012122207000033_da,11106.0,30,19,1851.0
624,27377,ods_ytb_v_8633000002012122507000034_da,2688.0,671,659,224.0
625,27383,ods_ytb_v_8633000002012122507000035_da,592268.0,63,52,126051.0
626,27389,ods_ytb_v_8633000002012122507000036_da,75816.0,369,358,17418.0
627,27395,ods_ytb_v_8633000002012122507000039_da,7650.0,125,110,765.0
628,27401,ods_ytb_v_8633000002012122607000043_da,1.0,86,75,219.0
629,27407,ods_ytb_v_8633000002012122607000044_da,509104.0,68,53,63638.0
630,27413,ods_ytb_v_8633000002012122607000045_da,252.0,110,98,36.0
631,27419,ods_ytb_v_8633000002012123107000050_da,212608.0,95,84,51872.0
632,27425,ods_ytb_v_8633000002012123107000051_da,5652.0,58,47,942.0
633,27431,ods_ytb_v_8633000002012123107000052_da,11028.0,58,47,1838.0
634,27437,ods_ytb_v_8633000002013022007000026_da,568596.0,47,36,115781.0
635,27443,ods_ytb_v_8633000002013032607000056_da,8323.0,85,70,1189.0
636,27449,ods_ytb_v_8633000002013032607000057_da,27200.0,64,49,5440.0
637,27455,ods_ytb_v_8633000002013122307000097_da,30445.0,26,15,6089.0
638,27461,ods_ytb_v_8633000002014010707000101_da,30925.0,26,15,6185.0
639,27467,ods_ytb_v_8633000002014010707000102_da,264332.0,68,57,57123.0
640,27473,ods_ytb_v_8633000002014010707000103_da,52515.0,66,55,10503.0
641,27479,ods_ytb_v_8633000002014010707000105_da,454440.0,42,31,98762.0
642,27485,ods_ytb_v_8633000002014010707000106_da,5390.0,211,196,770.0
643,27491,ods_ytb_v_8633000002014021007000124_da,189005.0,66,55,37801.0
644,27497,ods_ytb_v_8633000002014021007000125_da,9765.0,98,87,1953.0
645,27503,ods_ytb_v_8633000002014021007000126_da,8655.0,114,103,1731.0
646,27509,ods_ytb_v_8633000002014021007000127_da,845.0,88,77,65.0
647,27515,ods_ytb_v_8633000002014021407000119_da,108452.0,82,71,39890.0
648,27521,ods_ytb_v_8633000002014092307000284_da,36324.0,63,51,4036.0
649,27527,ods_ytb_v_8633000002014101307000131_da,42060.0,116,105,8412.0
650,27533,ods_ytb_v_8633000002014123107000139_da,48725.0,65,54,9745.0
651,27539,ods_ytb_v_8633000002014123107000140_da,3636.0,97,86,404.0
652,27545,ods_ytb_v_8633000002014123107000141_da,2702.0,113,102,386.0
653,27551,ods_ytb_v_8633000002014123107000142_da,16.0,87,76,16.0
654,27557,ods_ytb_v_8633000002014123107000143_da,30925.0,45,34,6185.0
655,27563,ods_ytb_v_8633000002015010407000144_da,188056.0,88,77,41894.0
656,27569,ods_ytb_v_8633000002015010807000177_da,108.0,84,73,108.0
657,27575,ods_ytb_v_8633000002015010807000178_da,47488.0,179,168,10336.0
658,27581,ods_ytb_v_8633000002015020707000226_da,1141572.0,173,158,274641.0
659,27587,ods_ytb_v_8633000002015020707000227_da,226990.0,66,55,45398.0
660,27593,ods_ytb_v_8633000002015020707000228_da,9420.0,98,87,1570.0
661,27599,ods_ytb_v_8633000002015020707000229_da,13416.0,114,103,1118.0
662,27605,ods_ytb_v_8633000002015020707000230_da,1024.0,88,77,64.0
663,27611,ods_ytb_v_8633000002015020707000231_da,180945.0,81,70,36189.0
664,27617,ods_ytb_v_8633000002015020707000232_da,171830.0,41,30,34366.0
665,27623,ods_ytb_v_8633000002015020707000236_da,4506.0,211,196,751.0
666,27629,ods_ytb_v_8633000002015020907000237_da,31420.0,26,15,6284.0
667,27635,ods_ytb_v_8633000002015020907000238_da,281116.0,74,63,62087.0
668,27641,ods_ytb_v_8633000002015020907000239_da,55200.0,74,63,11040.0
669,27647,ods_ytb_v_8633000002015051107000423_da,59716.0,24,13,12625.0
670,27653,ods_ytb_v_8633000002015051207000424_da,92755.0,60,49,18551.0
671,27659,ods_ytb_v_8633000002015061907000441_da,1700.0,88,77,100.0
672,27665,ods_ytb_v_8633000002015061907000443_da,200.0,49,38,200.0
673,27671,ods_ytb_v_8633000002015091007000520_da,25715.0,44,33,5143.0
674,27677,ods_ytb_v_8633000002015111307000542_da,73108.0,74,63,17253.0
675,27683,ods_ytb_v_8633000002015122907000397_da,125680.0,36,25,6284.0
676,27689,ods_ytb_v_8633000002015122907000398_da,3328982.0,91,80,185264.0
677,27695,ods_ytb_v_8633000002015122907000401_da,13536.0,211,196,752.0
678,27701,ods_ytb_v_8633000002015122907000402_da,748505.0,90,79,39395.0
679,27707,ods_ytb_v_8633000002015122907000403_da,554048.0,41,30,34628.0
680,27713,ods_ytb_v_8633000002015123007000406_da,62254.0,94,83,3662.0
681,27719,ods_ytb_v_8633000002015123007000408_da,189686.0,65,54,11158.0
682,27725,ods_ytb_v_8633000002015123007000409_da,6443.0,97,86,379.0
683,27731,ods_ytb_v_8633000002015123007000410_da,5423.0,113,102,319.0
684,27737,ods_ytb_v_8633000002015123007000411_da,288.0,87,76,16.0
685,27743,ods_ytb_v_8633000002015123007000413_da,467748.0,81,70,25986.0
686,27749,ods_ytb_v_8633000002015123007000414_da,867102.0,66,55,51006.0
687,27755,ods_ytb_v_8633000002015123007000415_da,28386.0,98,87,1577.0
688,27761,ods_ytb_v_8633000002015123007000416_da,21204.0,114,103,1178.0
689,27767,ods_ytb_v_8633000002015123007000417_da,1224.0,88,77,68.0
690,27773,ods_ytb_v_8633000002015123107000419_da,572364.0,91,80,31798.0
691,27779,ods_ytb_v_8633000002016010407000421_da,888426.0,86,71,49357.0
692,27785,ods_ytb_v_8633000002016011407000445_da,214236.0,106,95,11902.0
693,27791,ods_ytb_v_8633000002016011407000447_da,425.0,183,171,25.0
694,27797,ods_ytb_v_8633000002016011407000449_da,360.0,98,87,20.0
695,27803,ods_ytb_v_8633000002016022407000582_da,1962.0,230,219,109.0
696,27809,ods_ytb_v_8633000002016030807000517_da,455940.0,48,37,26820.0
697,27815,ods_ytb_v_8633000002016033007000657_da,1312.0,14,3,82.0
698,27821,ods_ytb_v_8633000002016033007000658_da,1394.0,14,3,82.0
699,27827,ods_ytb_v_8633000002016051307000709_da,80016.0,98,87,5001.0
700,27833,ods_ytb_v_8633000002017010607000570_da,139194.0,38,27,6327.0
701,27839,ods_ytb_v_8633000002017010607000571_da,66528.0,97,86,3024.0
702,27845,ods_ytb_v_8633000002017010607000572_da,214368.0,66,55,9744.0
703,27851,ods_ytb_v_8633000002017010607000573_da,5819.0,98,87,253.0
704,27857,ods_ytb_v_8633000002017010607000574_da,5103.0,114,103,243.0
705,27863,ods_ytb_v_8633000002017010607000575_da,285.0,88,77,15.0
706,27869,ods_ytb_v_8633000002017010607000576_da,870576.0,90,79,41456.0
707,27875,ods_ytb_v_8633000002017010907000577_da,2289.0,180,169,109.0
708,27881,ods_ytb_v_8633000002017010907000579_da,396.0,96,85,18.0
709,27887,ods_ytb_v_8633000002017011007000580_da,303692.0,106,95,13204.0
710,27893,ods_ytb_v_8633000002017021507000590_da,141284.0,29,18,6422.0
711,27899,ods_ytb_v_8633000002017021507000591_da,15876.0,211,196,756.0
712,27905,ods_ytb_v_8633000002017021507000592_da,945824.0,67,56,42992.0
713,27911,ods_ytb_v_8633000002017021507000593_da,31064.0,99,88,1412.0
714,27917,ods_ytb_v_8633000002017021507000594_da,26775.0,115,104,1275.0
715,27923,ods_ytb_v_8633000002017021507000595_da,1365.0,89,78,65.0
716,27929,ods_ytb_v_8633000002017021707000596_da,747758.0,42,31,33989.0
717,27935,ods_ytb_v_8633000002017022007000598_da,2637021.0,81,70,119644.0
718,27941,ods_ytb_v_8633000002017022007000599_da,466752.0,81,70,19448.0
719,27947,ods_ytb_v_8633000002017022107000600_da,403515.0,60,49,19215.0
720,27953,ods_ytb_v_8633000002017022107000601_da,6529610.0,82,67,283800.0
721,27959,ods_ytb_v_8633000002017022107000602_da,568836.0,86,75,24732.0
722,27965,ods_ytb_v_8633000002018011307001060_da,212982.0,67,56,9681.0
723,27971,ods_ytb_v_8633000002018011307001061_da,134358.0,37,26,6398.0
724,27977,ods_ytb_v_8633000002018011307001064_da,2442.0,180,169,111.0
725,27983,ods_ytb_v_8633000002018011307001065_da,399.0,96,85,19.0
726,27989,ods_ytb_v_8633000002018011307001066_da,276276.0,106,95,13156.0
727,27995,ods_ytb_v_8633000002018011307001067_da,937926.0,33,22,42633.0
728,28001,ods_ytb_v_8633000002018011507001068_da,882904.0,92,81,40132.0
729,28007,ods_ytb_v_8633000002018011607001069_da,6424.0,114,103,292.0
730,28013,ods_ytb_v_8633000002018012207001133_da,34753.0,33,22,1511.0
731,28019,ods_ytb_v_8633000002018020607001086_da,1316.0,74,59,1316.0
732,28025,ods_ytb_v_8633000002018020607001087_da,146938.0,69,54,6679.0
733,28031,ods_ytb_v_8633000002018020807001093_da,147488.0,28,17,6704.0
734,28037,ods_ytb_v_8633000002018020807001094_da,168340.0,66,55,25326.0
735,28043,ods_ytb_v_8633000002018020807001095_da,3240398.0,64,49,147386.0
736,28049,ods_ytb_v_8633000002018020907001096_da,538640.0,42,31,26932.0
737,28055,ods_ytb_v_8633000002018021107001144_da,0.0,262,251,
738,28061,ods_ytb_v_8633000002018022707001150_da,937376.0,37,27,42608.0
739,28067,ods_ytb_v_8633000002019011007001147_da,220910.0,33,22,44182.0
740,28073,ods_ytb_v_8633000002019011007001149_da,200450.0,51,40,40090.0
741,28079,ods_ytb_v_8633000002019011007001150_da,34440.0,37,26,6888.0
742,28085,ods_ytb_v_8633000002019011007001151_da,0.0,114,103,
743,28091,ods_ytb_v_8633000002019011007001152_da,0.0,67,56,
744,28097,ods_ytb_v_8633000002019011407001153_da,72795.0,33,18,14559.0
745,28103,ods_ytb_v_8633000002019011407001154_da,132.0,24,9,132.0
746,28109,ods_ytb_v_8633000002019011407001155_da,71005.0,106,94,14201.0
747,28115,ods_ytb_v_8633000002019011407001156_da,108.0,180,169,108.0
748,28121,ods_ytb_v_8633000002019011407001157_da,18.0,96,85,18.0
749,28127,ods_ytb_v_8633000002019012407001625_da,10370.0,33,22,2074.0
750,28133,ods_ytb_v_8633000002019022007001162_da,8280.0,75,61,1380.0
751,28139,ods_ytb_v_8633000002019022107001163_da,783828.0,67,52,179061.0
752,28145,ods_ytb_v_8633000002019022407001165_da,62920.0,166,155,12584.0
753,28151,ods_ytb_v_8633000002019022407001166_da,123755.0,40,29,24751.0
754,28157,ods_ytb_v_8633000002019022407001167_da,37310.0,28,18,7462.0
755,28163,ods_ytb_v_8633000002019022607001692_da,130420.0,81,70,26084.0
756,28169,ods_ytb_v_8633000002019022807001696_da,4896489.0,29,18,1183640.0
757,28175,ods_ytb_v_8633000002020011207001208_da,41125.0,33,22,8225.0
758,28181,ods_ytb_v_8633000002020011207001209_da,36920.0,39,28,7384.0
759,28187,ods_ytb_v_8633000002020011207001210_da,284875.0,33,22,56975.0
760,28193,ods_ytb_v_8633000002020011207001211_da,203132.0,120,109,45663.0
761,28199,ods_ytb_v_8633000002020021107002129_da,871000.0,36,25,207254.0
762,28205,ods_ytb_v_8633000002020030407002257_da,4162432.0,33,22,507751.0
763,28211,ods_ytb_v_8633000002021010807001272_da,228668.0,122,111,47951.0
764,28217,ods_ytb_v_8633000002021011107001273_da,277128.0,33,22,59810.0
765,28223,ods_ytb_v_8633000002021011107001274_da,531864.0,36,25,116582.0
766,28229,ods_ytb_v_8633000002021011207001275_da,41215.0,39,28,8243.0
767,28235,ods_ytb_v_8633000002021011307002750_da,949.0,262,251,73.0
768,28241,ods_ytb_v_8633000002021022407002800_da,5087606.0,55,44,613932.0
769,28247,ods_ytb_v_8633000002021022407002801_da,24460.0,131,120,4892.0
770,28253,ods_ytb_v_8633000002021022507002810_da,129270.0,74,63,25854.0
771,28259,ods_ytb_v_8633000002021030407002869_da,590404.0,93,82,136337.0
772,28265,ods_ytb_v_8633000002021123107001321_da,246492.0,122,111,53175.0
773,28271,ods_ytb_v_8633000002022010507001322_da,45130.0,39,28,9026.0
774,28277,ods_ytb_v_8633000002022010507001323_da,297216.0,33,22,66112.0
775,28283,ods_ytb_v_8633000002022010507001324_da,576816.0,36,25,129356.0
776,28289,ods_ytb_v_8633000002022020907003475_da,540.0,262,251,36.0
777,28295,ods_ytb_v_8633000002022022307003513_da,4322446.0,45,34,574490.0
778,28301,ods_ytb_v_8633000002022022607003531_da,25545.0,125,114,5109.0
779,28307,ods_ytb_v_8633000002022022607003533_da,0.0,144,133,
780,28313,ods_ytb_v_8633000002022022807003540_da,578103.0,97,86,133155.0
781,28319,ods_ytb_v_8633000002022030207003566_da,2041762.0,20,9,545828.0
782,28325,ods_ytb_v_8633010002021022507001285_da,311800.0,76,65,63870.0
783,28331,ods_ytb_v_8633010002021022507001286_da,63855.0,76,65,12771.0
784,28337,ods_ytb_v_8633010002021022807002825_da,216600.0,41,30,49798.0
785,28343,ods_ytb_v_8633010002022022107001333_da,82852.0,49,34,5676.0
786,28349,ods_ytb_v_8633010002022022107001334_da,16509.0,52,41,4211.0
787,28355,ods_ytb_v_8633010002022022207001336_da,300462.0,76,65,66524.0
788,28361,ods_ytb_v_8633010002022022207001337_da,54540.0,76,65,12588.0
789,28367,ods_ytb_v_8633010002022030307003580_da,216257.0,41,30,47045.0
790,49828,ods_ytb_v_8600000002020102907400178_1_da,2787168.0,15,7,639192.0
791,50523,ods_ytb_v_8600000002021110107720426_2_da,1668032.0,15,7,318656.0
792,50547,ods_ytb_v_8600000002019110107820454_2_da,1776118.0,15,7,323070.0
793,50798,ods_ytb_v_8600000002011102607001626_1_da,6589.0,14,6,6589.0
794,50804,ods_ytb_v_8600000002012102507000030_1_da,170116.0,27,19,42529.0
795,50810,ods_ytb_v_8600000002012102507000030_2_da,4164.0,27,19,694.0
796,50858,ods_ytb_v_8600000002012102407000013_1_da,16895.0,14,6,3379.0
797,50864,ods_ytb_v_8600000002012102507000021_1_da,34986.0,20,12,5831.0
798,50876,ods_ytb_v_8600000002012102307000008_1_da,225036.0,25,17,56259.0
799,50882,ods_ytb_v_8600000002012102407000012_1_da,1554600.0,15,7,446520.0
800,50900,ods_ytb_v_8600000002012102407000012_2_da,1185120.0,15,7,271960.0
801,50912,ods_ytb_v_8600000002012102407000012_3_da,46975.0,15,7,9395.0
802,50948,ods_ytb_v_8633000002012121907000004_1_da,2597.0,13,5,371.0
803,51119,ods_ytb_v_8600000002015122107440004_5_da,1.0,12,4,970.0
804,51345,ods_ytb_v_8633000002015010807000178_2_da,523.0,12,4,523.0
805,51351,ods_ytb_v_8633000002015010807000178_1_da,1536.0,21,5,256.0
806,51357,ods_ytb_v_8633000002012121907000004_2_da,530.0,12,4,265.0
807,51369,ods_ytb_v_8600000002014120507160005_1_da,84.0,13,5,84.0
808,51375,ods_ytb_v_8600000002015122107440004_6_da,3650.0,12,4,3650.0
809,51381,ods_ytb_v_8600000002015122107440004_7_da,1.0,12,4,654.0
810,51390,ods_ytb_v_8600000002015112307320988_1_da,13312.0,19,11,28155.0
811,51396,ods_ytb_v_8600000002013112707080004_1_da,21812.0,20,12,5453.0
812,51402,ods_ytb_v_8600000002019112607540062_1_da,907.0,11,3,907.0
813,51405,ods_ytb_v_8633000002015091007000520_1_da,10155.0,11,3,2031.0
814,51411,ods_ytb_v_8600000002019120507780002_1_da,16250.0,14,6,3250.0
815,51423,ods_ytb_v_8600000002019120607800001_1_da,2746.0,12,4,2746.0
816,51435,ods_ytb_v_8600000002014103107280004_1_da,33500.0,18,10,6700.0
817,51447,ods_ytb_v_8600000002019120607800001_2_da,17245.0,12,4,3449.0
818,51454,ods_ytb_v_8600000002019120607800001_3_da,26710.0,12,4,5342.0
819,51460,ods_ytb_v_8600000002016102807741315_1_da,26777.0,19,11,26777.0
820,51484,ods_ytb_v_8600000002019120607800001_4_da,2032.0,12,4,2032.0
821,51502,ods_ytb_v_8600000002016102807741042_1_da,4578.0,12,4,4578.0
822,51508,ods_ytb_v_8600000002014103107280003_1_da,124994.0,19,11,62497.0
823,51520,ods_ytb_v_8600000002019120607800001_5_da,1209.0,12,4,1209.0
824,51526,ods_ytb_v_8600000002014072907520001_1_da,1.0,10,2,217.0
825,51529,ods_ytb_v_8600000002014120507140011_1_da,221090.0,27,19,44218.0
826,51541,ods_ytb_v_8600000002019120607800001_6_da,1497.0,12,4,1497.0
827,51547,ods_ytb_v_8600000002014120507140011_2_da,14679.0,27,19,2097.0
828,51559,ods_ytb_v_8600000002019120607800001_7_da,4172.0,12,4,4172.0
829,51565,ods_ytb_v_8600000002014110307340001_1_da,21080.0,20,12,5270.0
830,51577,ods_ytb_v_8600000002019120607800001_8_da,1.0,12,4,100.0
831,51583,ods_ytb_v_8600000002014122407520001_1_da,20425.0,14,6,4085.0
832,51589,ods_ytb_v_8600000002013112707080010_1_da,136545.0,27,19,45515.0
833,51595,ods_ytb_v_8600000002013112707080010_2_da,54765.0,27,19,10953.0
834,51601,ods_ytb_v_8600000002013112707080009_1_da,1453947.0,15,7,484649.0
835,51607,ods_ytb_v_8600000002016102807741042_3_da,1.0,12,4,1913.0
836,51625,ods_ytb_v_8600000002013112707080009_2_da,1349436.0,15,7,311247.0
837,51631,ods_ytb_v_8600000002019110107840001_1_da,286836.0,27,19,143418.0
838,51640,ods_ytb_v_8600000002013112707080009_3_da,248055.0,15,7,82685.0
839,51646,ods_ytb_v_8600000002020102907400271_1_da,5435.0,11,3,1087.0
840,51652,ods_ytb_v_8600000002014103107260002_1_da,250756.0,26,18,62689.0
841,51658,ods_ytb_v_8600000002014102007040001_1_da,16672.0,17,10,4168.0
842,51664,ods_ytb_v_8600000002020102907400078_1_da,3249.0,14,6,3249.0
843,51670,ods_ytb_v_8600000002020102907400812_1_da,15295.0,12,4,3059.0
844,51676,ods_ytb_v_8600000002020102907400812_2_da,18815.0,12,4,3763.0
845,51682,ods_ytb_v_8600000002014102007040001_2_da,215268.0,18,11,53817.0
846,51688,ods_ytb_v_8600000002020102907400812_3_da,27855.0,12,4,5571.0
847,51743,ods_ytb_v_8600000002016102807741042_4_da,1804.0,12,4,1804.0
848,51749,ods_ytb_v_8600000002016102807741042_5_da,1.0,12,4,1246.0
849,51821,ods_ytb_v_8600000002020102907400812_4_da,13116.0,12,4,2186.0
850,51839,ods_ytb_v_8600000002020102907400812_5_da,8778.0,12,4,1254.0
851,51845,ods_ytb_v_8600000002016102807741042_6_da,4631.0,12,4,4631.0
852,51857,ods_ytb_v_8600000002020102907400812_6_da,9354.0,12,4,1559.0
853,51863,ods_ytb_v_8600000002020102907400812_7_da,21825.0,12,4,4365.0
854,51869,ods_ytb_v_8600000002016102807741042_7_da,1.0,12,4,1085.0
855,51881,ods_ytb_v_8600000002020102907400812_8_da,623.0,12,4,89.0
856,51911,ods_ytb_v_8600000002016102807740431_1_da,278528.0,15,7,528740.0
857,51917,ods_ytb_v_8600000002016102807740431_3_da,11699.0,15,7,11699.0
858,51923,ods_ytb_v_8600000002016102807740431_2_da,165888.0,15,7,286968.0
859,52079,ods_ytb_v_8600000002015112307320551_1_da,3597.0,14,6,3597.0
860,52135,ods_ytb_v_8600000002015112307320231_1_da,1.0,11,3,4.0
861,52138,ods_ytb_v_8600000002014110607380022_1_da,1738385.0,15,7,507099.0
862,52144,ods_ytb_v_8600000002014110607380022_2_da,1182908.0,15,7,309652.0
863,52150,ods_ytb_v_8600000002014110607380022_3_da,227350.0,15,7,113675.0
864,52156,ods_ytb_v_8600000002015112307321076_1_da,20492.0,20,12,5123.0
865,52162,ods_ytb_v_8600000002015112307320638_1_da,265436.0,25,17,66359.0
866,52168,ods_ytb_v_8633000002016011407000445_1_da,1156.0,13,5,289.0
867,52174,ods_ytb_v_8600000002015112307321003_1_da,4726.0,18,11,4726.0
868,52180,ods_ytb_v_8600000002015112307321003_2_da,152691.0,19,12,50897.0
869,52186,ods_ytb_v_8600000002015112307320408_1_da,1775210.0,15,7,519374.0
870,52192,ods_ytb_v_8600000002015112307320408_2_da,594472.0,15,7,297236.0
871,52198,ods_ytb_v_8600000002015112307320408_3_da,21572.0,15,7,10786.0
872,52204,ods_ytb_v_8600000002015122107440004_1_da,4089.0,12,4,4089.0
873,52210,ods_ytb_v_8600000002015122107440004_2_da,2804.0,12,4,1402.0
874,52216,ods_ytb_v_8600000002015122107440004_3_da,1695.0,12,4,1695.0
875,52222,ods_ytb_v_8600000002015122107440004_4_da,1641.0,12,4,1641.0
876,52228,ods_ytb_v_8600000002016102807740243_2_da,47079.0,19,12,47079.0
877,52246,ods_ytb_v_8633000002017011007000580_1_da,9897.0,13,5,9897.0
878,52258,ods_ytb_v_8600000002021110107720426_1_da,536576.0,15,7,673497.0
879,52264,ods_ytb_v_8600000002021110107720172_1_da,190228.0,19,12,79754.0
880,52270,ods_ytb_v_8600000002016102807740054_1_da,5088.0,20,12,5088.0
881,52276,ods_ytb_v_8600000002021110107720993_1_da,3525.0,12,4,3525.0
882,52282,ods_ytb_v_8600000002021110107720993_2_da,4548.0,12,4,4548.0
883,52300,ods_ytb_v_8600000002021110107720993_3_da,5943.0,12,4,5943.0
884,52306,ods_ytb_v_8600000002021110107720993_4_da,2439.0,12,4,2439.0
885,52318,ods_ytb_v_8600000002021110107720993_5_da,1410.0,12,4,1410.0
886,52324,ods_ytb_v_8600000002016102807740799_1_da,3489.0,14,6,3489.0
887,52330,ods_ytb_v_8600000002021110107720993_6_da,1763.0,12,4,1763.0
888,52342,ods_ytb_v_8600000002016102807740296_1_da,9634.0,18,10,9634.0
889,52354,ods_ytb_v_8600000002016102807740145_1_da,81601.0,19,11,81601.0
890,52372,ods_ytb_v_8600000002017111407280397_1_da,1092.0,12,4,1092.0
891,52378,ods_ytb_v_8600000002017111407280460_1_da,3141.0,14,6,3141.0
892,52384,ods_ytb_v_8600000002017111407281080_1_da,23535.0,19,11,23535.0
893,52390,ods_ytb_v_8600000002017111407280591_1_da,1995.0,12,4,3990.0
894,52396,ods_ytb_v_8600000002017111407280591_2_da,2147.0,12,4,2147.0
895,52402,ods_ytb_v_8600000002017111407280591_3_da,4173.0,12,4,4173.0
896,52408,ods_ytb_v_8600000002021110107720993_7_da,4784.0,12,4,4784.0
897,52414,ods_ytb_v_8600000002017111407280591_4_da,1742.0,12,4,1742.0
898,52420,ods_ytb_v_8600000002021110107720993_8_da,104.0,12,4,104.0
899,52426,ods_ytb_v_8600000002017111407280591_5_da,1008.0,12,4,1008.0
900,52438,ods_ytb_v_8600000002017111407280591_6_da,1135.0,12,4,1135.0
901,52450,ods_ytb_v_8600000002017111407280591_7_da,3134.0,12,4,3134.0
902,52486,ods_ytb_v_8600000002021110107720074_1_da,12476.0,17,9,6238.0
903,52492,ods_ytb_v_8600000002021110107720724_1_da,3531.0,14,6,3531.0
904,52498,ods_ytb_v_8600000002021110107720163_1_da,3476.0,20,12,3476.0
905,52504,ods_ytb_v_8600000002017111407280591_8_da,82.0,12,4,82.0
906,52511,ods_ytb_v_8600000002017111407280591_9_da,1.0,12,4,2.0
907,52532,ods_ytb_v_8600000002017111407280265_1_da,512304.0,15,7,512304.0
908,52550,ods_ytb_v_8633000002021120907003271_1_da,45056.0,15,7,60698.0
909,52568,ods_ytb_v_8600000002017111407280265_2_da,261153.0,15,7,261153.0
910,53017,ods_ytb_v_8600000002017111407281035_1_da,6326.0,18,11,6326.0
911,53023,ods_ytb_v_8600000002017111407281035_2_da,45202.0,19,12,45202.0
912,53029,ods_ytb_v_8633000002018011307001066_1_da,11273.0,13,5,11273.0
913,53035,ods_ytb_v_8600000002017111407280301_1_da,91209.0,27,19,91209.0
914,53041,ods_ytb_v_8600000002017111407280261_1_da,4611.0,20,12,4611.0
915,53047,ods_ytb_v_8600000002019010207400004_1_da,24751.0,19,11,24751.0
916,53065,ods_ytb_v_8600000002019010207400001_1_da,538624.0,15,7,553642.0
917,53078,ods_ytb_v_8600000002019010207400001_2_da,591474.0,15,7,295737.0
918,53084,ods_ytb_v_8600000002019110107820454_1_da,393216.0,15,7,591766.0
919,53210,ods_ytb_v_8600000002016102807741042_2_da,1716.0,12,4,1716.0
920,53324,ods_ytb_v_8600000002016102807740484_1_da,1.0,11,3,971.0
921,53348,ods_ytb_v_8600000002021110107720555_1_da,1.0,11,3,918.0
922,53354,ods_ytb_v_8633000002021120907003271_2_da,542937.0,17,9,542937.0
923,53360,ods_ytb_v_8600000002021110107720700_1_da,103424.0,23,15,212633.0
924,53366,ods_ytb_v_8600000002017120107080055_1_da,11957.0,19,11,11957.0
925,53432,ods_ytb_v_8600000002020102907400178_2_da,113664.0,15,7,324936.0
926,53505,ods_ytb_v_8600000002020102907400790_1_da,71693.0,19,12,71693.0
927,53529,ods_ytb_v_8600000002020102907400089_1_da,104448.0,20,12,174572.0
928,53535,ods_ytb_v_8600000002020111307440146_1_da,4860.0,17,9,4860.0
929,53541,ods_ytb_v_8600000002011112407001731_1_da,52224.0,18,10,53453.0
930,53547,ods_ytb_v_8600000002011112407001732_1_da,100171.0,19,11,100171.0
